topic_words3,Isamaa,Sotsiaaldemokraadid,difference
palgalohe soolist meeste,0.010204081632653,0.075187969924812,-636.842105263162
lapsetoetust lapsetoetus lapsetoetuse,0.010204081632653,0.037593984962406,-268.421052631581
erimargistatud kutust kutuse,0.010204081632653,0.0225563909774436,-121.0526315789486
pollumeestele pollumehi pollumehed,0.010204081632653,0.018796992481203,-84.2105263157905
kohtunike kohtususteem kohtuniku,0.010204081632653,0.018796992481203,-84.2105263157905
moisteid moiste moisted,0.010204081632653,0.018796992481203,-84.2105263157905
huvigruppe huvigruppide kaasatud,0.010204081632653,0.0150375939849624,-47.36842105263241
teenuseid teenused teenust,0.010204081632653,0.0150375939849624,-47.36842105263241
valispoliitika valispoliitikas diplomaatia,0.010204081632653,0.0112781954887218,-10.52631578947431
jaatmeid liigiti prugi,0.010204081632653,0.0112781954887218,-10.52631578947431
valimisliitude volikogusse volikokku,0.010204081632653,0.0112781954887218,-10.52631578947431
riigikontrolli auditi auditit,0.010204081632653,0.0075187969924812,26.315789473683797
rahvuse rahvust rahvusriik,0.010204081632653,0.0075187969924812,26.315789473683797
toovoimereformi toovoimega toovoimereform,0.010204081632653,0.0075187969924812,26.315789473683797
maksuamet tolliamet tolliameti,0.010204081632653,0.0075187969924812,26.315789473683797
opositsioonis koalitsiooni opositsiooni,0.010204081632653,0.0075187969924812,26.315789473683797
kaitseliit kaitseliidule kaitseliidu,0.010204081632653,0.0075187969924812,26.315789473683797
koolis kooli opilased,0.0306122448979591,0.0225563909774436,26.31578947368404
tooandja tervisesse maksuvabalt,0.0204081632653061,0.0112781954887218,44.73684210526312
eelarves riigieelarves reservist,0.010204081632653,0.0037593984962406,63.157894736841904
uliopilased uliopilastele uliopilaste,0.010204081632653,0.0037593984962406,63.157894736841904
vallaga vald sauga,0.010204081632653,0.0037593984962406,63.157894736841904
kutsehariduse kutseharidus kutsehariduses,0.010204081632653,0.0037593984962406,63.157894736841904
kinnisasja maad maa,0.010204081632653,0.0037593984962406,63.157894736841904
valimisea valimisiga valimisoiguse,0.010204081632653,0.0037593984962406,63.157894736841904
eriarstide eriarstiabi eriarsti,0.010204081632653,0.0037593984962406,63.157894736841904
pohiseadusega riigikohus oiguskantsler,0.0306122448979591,0.018796992481203,38.596491228070036
arengufond arengufondi arengufondis,0.0204081632653061,0.0075187969924812,63.15789473684208
kasvavad tuleval kasv,0.0204081632653061,0.0037593984962406,81.57894736842103
slovakkia ungari portugal,0.0204081632653061,0.0037593984962406,81.57894736842103
oigusloome oigusloomes oiguspoliitika,0.0204081632653061,0.0037593984962406,81.57894736842103
miili baasvorgu lairiba,0.0204081632653061,0.0037593984962406,81.57894736842103
alkoholi kange lahja,0.0510204081632653,0.0225563909774436,55.789473684210535
sigade katku katk,0.0306122448979591,0.0075187969924812,75.43859649122801
pagulasi pagulased pagulaste,0.0306122448979591,0.0075187969924812,75.43859649122801
ametiuhingute tooandjate keskliit,0.0306122448979591,0.0037593984962406,87.719298245614
efsf esm kreekale,0.0510204081632653,0.0037593984962406,92.63157894736842
otsevalimise presidenti presidendi,0.1122448979591836,0.0037593984962406,96.65071770334927
magustatud suhkrut joogi,0.0204081632653061,0.0,100.0
piirilepingu piirileping piirilepingut,0.0204081632653061,0.0,100.0
eripensioni valjateenitud staazi,0.0204081632653061,0.0,100.0
tsernoboli represseeritud oigusvastaselt,0.010204081632653,0.0,100.0
soita jalakaija konniteel,0.010204081632653,0.0,100.0
volakirjade keskpank volakirju,0.010204081632653,0.0,100.0
tootuli lepitaja ametiuhingute,0.010204081632653,0.0,100.0
tootuna arvele ariuhingu,0.010204081632653,0.0,100.0
kaibemaksu kaibemaks kaibemaksumaara,0.010204081632653,0.0,100.0
teadus teaduse arendustegevuse,0.010204081632653,0.0,100.0
inimarengu aruanne aruandes,0.010204081632653,0.0,100.0
tulumaksuvaba maksususteemi tulumaksu,0.010204081632653,0.0,100.0
kantsler kantsleri riigisekretar,0.010204081632653,0.0,100.0
taanis saksamaal hollandis,0.010204081632653,0.0,100.0
jarviku jarvik maaeluministri,0.010204081632653,0.0,100.0
riigipalgaliste riigisektoris koondada,0.010204081632653,0.0,100.0
lae korgepalgaliste lagi,0.010204081632653,0.0,100.0
loomi loomade loomad,0.010204081632653,0.0,100.0
pensionitous pensionitousu pension,0.010204081632653,0.0,100.0
pensionifondide pensionifondid fondid,0.010204081632653,0.0,100.0
pealinnast tallinnast viljandisse,0.010204081632653,0.0,100.0
palgatousu opetajate palgatous,0.010204081632653,0.0,100.0
jahimehed jahimeeste jahti,0.010204081632653,0.0,100.0
lipu laevu kaubalaeva,0.0,0.0,
utah jordaania energia,0.0,0.0,
vee monopolide veeteenuse,0.0,0.0,
veb fondi uurimiskomisjon,0.0,0.0,
varude varud varu,0.0,0.0,
valismaale valjarande valjaranne,0.0,0.0,
valimiskomisjon proteste valimiskasti,0.0,0.0,
valdkonnad laekumisest fikseeritakse,0.0,0.0,
liiklussurmade liikluses hukkunute,0.0,0.0,
uuring uuringut uuringu,0.0,0.0,
ulejaagis struktuurses struktuurse,0.0,0.0,
lahususe voimude lahusus,0.0,0.0,
uhistranspordi uhistransport uhistransporti,0.0,0.0,
tulubaasi tasandusfondi tulumaksuosa,0.0,0.0,
ts parvlaeva parvlaevad,0.0,0.0,
tootuid tootute tootu,0.0,0.0,
tervist tervis tervisega,0.0,0.0,
teenistuse teenistuses avalikus,0.0,0.0,
teekasutustasu autode autod,0.0,0.0,
teede teehoiuks teedele,0.0,0.0,
leping ratifitseerida lepinguga,0.0,0.0,
laari laar kandidatuuri,0.0,0.0,
liitlaste ohutorje keskmaa,0.0,0.0,
kodualuse maamaksu maamaksust,0.0,0.0,
kaitsekulud kaitsekulutused kaitsekulude,0.0,0.0,
kala kalurid kalurite,0.0,0.0,
kandidaati kandidaat valituks,0.0,0.0,
karistuse karistus tingimisi,0.0,0.0,
keskkonnaameti uhendamine uhendamise,0.0,0.0,
kinnitamise paevakorra paevakord,0.0,0.0,
kirik kiriku maarja,0.0,0.0,
kodakondsust kodakondsuse kodanikuks,0.0,0.0,
kohtla jarve johvi,0.0,0.0,
kusija vastaja vastasin,0.0,0.0,
kohtutaiturite kohtutaitur kohtutaituri,0.0,0.0,
kolledz kolledzi turi,0.0,0.0,
koneleja konsensuslikud repliigi,0.0,0.0,
konkurss konkursi konkurssi,0.0,0.0,
koolituse koolitus koolitusele,0.0,0.0,
korrata stenogrammist vabandan,0.0,0.0,
korruptsiooni korruptsioon korruptsiooniga,0.0,0.0,
korterelamute kortermajade kredexi,0.0,0.0,
teatri teater rahvusooper,0.0,0.0,
talupidajate kaubanduskoja kaubanduskoda,0.0,0.0,
suuria euroopasse turgis,0.0,0.0,
muundatud geneetiliselt gmo,0.0,0.0,
ootuse oigusparase oiguskindluse,0.0,0.0,
ooteala piiriuletuse piiripunkti,0.0,0.0,
omandireformi tagastatud omandireform,0.0,0.0,
oigusriik oigusriigi oigusriigist,0.0,0.0,
objekti anu raua,0.0,0.0,
normitehnika mojude eeskiri,0.0,0.0,
muuseum muuseumi muuseumide,0.0,0.0,
inflatsiooni inflatsioon hinnatous,0.0,0.0,
muugimaksu muugimaks paadimaksu,0.0,0.0,
skais arendused infosusteemide,0.0,0.0,
muraste kase kompleksi,0.0,0.0,
missiooni missioonile missioon,0.0,0.0,
majandusaasta koondaruanne raamatupidamise,0.0,0.0,
maavalitsuste maavalitsused maakonna,0.0,0.0,
maantee neljarealiseks ppp,0.0,0.0,
louis freeh kremli,0.0,0.0,
lng terminali gaasi,0.0,0.0,
lipud lippude lipp,0.0,0.0,
operatsioonil sojalisel panustamisel,0.0,0.0,
opositsiooni koalitsioonil opositsioonil,0.0,0.0,
pensioniiga pensioniea eluiga,0.0,0.0,
piima toorpiima toodangut,0.0,0.0,
samba sammas sambasse,0.0,0.0,
salastatud valisteabe riigisaladuse,0.0,0.0,
rongi rongide rongid,0.0,0.0,
riigireformi riigireformist riigireform,0.0,0.0,
riigipuha puhade tahtpaevade,0.0,0.0,
riigikontrolor karis riigikontrolori,0.0,0.0,
riigiabi komisjonilt loa,0.0,0.0,
reklaami reklaam alkoholireklaam,0.0,0.0,
rail trassi balticu,0.0,0.0,
rahvahaaletuse rahvahaaletus rahvahaaletusel,0.0,0.0,
rahvaalgatuse rahvaalgatus rahvahaaletus,0.0,0.0,
puude raskusastme puuet,0.0,0.0,
president ilves presidendi,0.0,0.0,
post posti omniva,0.0,0.0,
poolte kokkuleppel huvitise,0.0,0.0,
planeeringu keskkonnamoju keskkonnamojude,0.0,0.0,
piirivalve valvamise valvamine,0.0,0.0,
jalitustegevuse jalitustoimingu sideandmete,0.0,0.0,
abielu kooselu samasooliste,0.0,0.018796992481203,-inf
idapiiri piiririba valjaehitamine,0.0,0.0,
joustumine joustuma joustada,0.0,0.0300751879699248,-inf
pensioni pension sammas,0.0,0.0150375939849624,-inf
virumaale virumaa toostusalade,0.0,0.0037593984962406,-inf
nord stream streami,0.0,0.0037593984962406,-inf
noukogudesse ariuhingute noukogudes,0.0,0.0037593984962406,-inf
oiglase virumaale ulemineku,0.0,0.0075187969924812,-inf
kulukuse krediidi kiirlaenude,0.0,0.018796992481203,-inf
terviseandmed isikuandmeid terviseandmeid,0.0,0.018796992481203,-inf
tarbijakaitse amet ametile,0.0,0.0037593984962406,-inf
aituma infotundi jahimehed,0.0,0.0075187969924812,-inf
memorandumi moistmise memorandum,0.0,0.0037593984962406,-inf
ajakirjandus ajakirjanduse ajakirjandust,0.0,0.0037593984962406,-inf
vanemahuvitist vanemahuvitise vanemahuvitis,0.0,0.0075187969924812,-inf
valijate erakonda valijaid,0.0,0.0037593984962406,-inf
apteeke apteegid apteekide,0.0,0.0037593984962406,-inf
vagivallale vihakone ohutamine,0.0,0.0037593984962406,-inf
arengukavad arengukavade pohialuste,0.0,0.0112781954887218,-inf
deklaratsiooni deklaratsioone deklaratsioonis,0.0,0.0075187969924812,-inf
eelarvele kulude riigieelarvele,0.0,0.0075187969924812,-inf
metsa metsade mets,0.0,0.0037593984962406,-inf
piirikontrolli schengeni valispiiri,0.0,0.0037593984962406,-inf
id mobiil kaardi,0.0,0.0,
koolilouna koolitoidu koolitoit,0.0,0.0112781954887218,-inf
tapsustatakse ajakohastatakse nouete,0.0,0.0037593984962406,-inf
sularaha kommertspangad pangad,0.0,0.0037593984962406,-inf
katteallikas katteallikaid katteallikat,0.0,0.0075187969924812,-inf
kauguhendus avaksite ettekandjalt,0.0,0.0037593984962406,-inf
keeleoskust oskuse keeleoskuse,0.0,0.0037593984962406,-inf
salvestisi salvestised salvestiste,0.0,0.0112781954887218,-inf
kohanimenoukogu vonnu mulgi,0.0,0.0037593984962406,-inf
riigimetsa majandamise noukokku,0.0,0.0150375939849624,-inf
riigiloivude riigiloivud riigiloivu,0.0,0.0075187969924812,-inf
prokuratuur prokuratuuri prokuror,0.0,0.0037593984962406,-inf
korterid kortereid korterit,0.0,0.0037593984962406,-inf
korteriuhistu korteriomanike korteriuhistute,0.0,0.0075187969924812,-inf
kandidaadi kandidaati kandidaat,0.0,0.0037593984962406,-inf
krimmi agressiooni ukraina,0.0,0.0150375939849624,-inf
kusimusena tahtsa tahtsusega,0.0,0.0037593984962406,-inf
relva relvade relvaluba,0.0,0.0075187969924812,-inf
psuhhiaatri alaealine psuhhiaatrilist,0.0,0.0413533834586466,-inf
lasteaia lasteaias lasteaiakoha,0.0,0.0075187969924812,-inf
vagivalla naistevastase perevagivalla,0.0,0.018796992481203,-inf
vaesuses suhtelises vaesuse,0.0,0.0075187969924812,-inf
elamisluba elamisloa viisa,0.0,0.0075187969924812,-inf
erso teatri kontserdi,0.0,0.0,
ammendumiseni kaheni pikendada,0.0,0.0,
annetus erjk annetuse,0.0,0.0,
annetused annetusi annetuste,0.0,0.0,
borsile ipo enefit,0.0,0.0,
danske filiaali rahapesu,0.0,0.0,
direktiivi direktiiv ulevotmise,0.0,0.0,
domeenide domeeni interneti,0.0,0.0,
energiaagentuur agentuuri agentuur,0.0,0.0,
haalte kandidaatidele haaletamisest,0.0,0.0,
elatisraha elatisabi elatise,0.0,0.0263157894736842,-inf
haiguspaevade haiguspaevi haiguspaeva,0.0,0.0,
hambaravi hammaste hambad,0.0,0.0,
hanke hankija riigihangete,0.0,0.0,
hansson ardo panga,0.0,0.0,
hiv narkomaania epideemia,0.0,0.0,
hoiu pangad pankade,0.0,0.0,
hoone rkas hoonet,0.0,0.0,
huvihariduse huvitegevuse huviharidus,0.0,0.0,
abipolitseinik abipolitseiniku abipolitseinike,0.0,0.0,
aasia aasias saatkonna,0.0,0.0,
aardla pria pealtnagija,0.0,0.0,
kandideerima ametikohale kandidaatide,0.0,0.0075187969924812,-inf
kaasne lisakulutusi riigieelarvele,0.0,0.0150375939849624,-inf
vabatahtlike komandode paasteameti,0.0,0.0037593984962406,-inf
elektri elektrit taastuvenergia,0.0,0.0338345864661654,-inf
untso missioonide liikmesusest,0.0,0.0112781954887218,-inf
tooandja tooandjal tootaja,0.0,0.0037593984962406,-inf
toonadalal istungid taiendaval,0.0,0.0037593984962406,-inf
treenerite spordi sport,0.0,0.0112781954887218,-inf
tulubaasi omavalitsustele omavalitsuste,0.0,0.0037593984962406,-inf
iive sundimus iibe,0.0,0.0037593984962406,-inf
ulikooliga kbfi instituudi,0.0,0.0037593984962406,-inf
hooldekodus hoolduse hooldekodu,0.0,0.0037593984962406,-inf
hadaolukorda eriolukord eriolukorra,0.0,0.0037593984962406,-inf
haale valimispaeval valimiste,0.0,0.0037593984962406,-inf
fie fuusilisest isikust,0.0,0.0037593984962406,-inf
etv saateid pbk,0.0,0.0037593984962406,-inf
estonian air airi,0.0,0.0075187969924812,-inf
oppelaenu sugava puudega,0.0,0.0037593984962406,-inf
volitust kaasuses jarvik,0.0,0.0,
