topic_words3,Isamaa,Isamaa ja Res Publica Liidu fraktsioon,difference
erimargistatud kutust kutuse,0.010204081632653,0.0484581497797356,-374.88986784141173
opositsioonis koalitsiooni opositsiooni,0.010204081632653,0.039647577092511,-288.5462555066101
huvigruppe huvigruppide kaasatud,0.010204081632653,0.0308370044052863,-202.20264317180755
koolis kooli opilased,0.0306122448979591,0.0572687224669603,-87.07782672540415
lapsetoetust lapsetoetus lapsetoetuse,0.010204081632653,0.0176211453744493,-72.68722466960418
jaatmeid liigiti prugi,0.010204081632653,0.0088105726872246,13.656387665198405
pollumeestele pollumehi pollumehed,0.010204081632653,0.0088105726872246,13.656387665198405
soita jalakaija konniteel,0.010204081632653,0.0088105726872246,13.656387665198405
moisteid moiste moisted,0.010204081632653,0.0088105726872246,13.656387665198405
tulumaksuvaba maksususteemi tulumaksu,0.010204081632653,0.0088105726872246,13.656387665198405
loomi loomade loomad,0.010204081632653,0.0088105726872246,13.656387665198405
maksuamet tolliamet tolliameti,0.010204081632653,0.0088105726872246,13.656387665198405
tooandja tervisesse maksuvabalt,0.0204081632653061,0.013215859030837,35.24229074889863
kinnisasja maad maa,0.010204081632653,0.0044052863436123,56.828193832599204
rahvuse rahvust rahvusriik,0.010204081632653,0.0044052863436123,56.828193832599204
valispoliitika valispoliitikas diplomaatia,0.010204081632653,0.0044052863436123,56.828193832599204
taanis saksamaal hollandis,0.010204081632653,0.0044052863436123,56.828193832599204
kaibemaksu kaibemaks kaibemaksumaara,0.010204081632653,0.0044052863436123,56.828193832599204
palgatousu opetajate palgatous,0.010204081632653,0.0044052863436123,56.828193832599204
kohtunike kohtususteem kohtuniku,0.010204081632653,0.0044052863436123,56.828193832599204
palgalohe soolist meeste,0.010204081632653,0.0044052863436123,56.828193832599204
jarviku jarvik maaeluministri,0.010204081632653,0.0044052863436123,56.828193832599204
valimisea valimisiga valimisoiguse,0.010204081632653,0.0044052863436123,56.828193832599204
valimisliitude volikogusse volikokku,0.010204081632653,0.0044052863436123,56.828193832599204
vallaga vald sauga,0.010204081632653,0.0044052863436123,56.828193832599204
arengufond arengufondi arengufondis,0.0204081632653061,0.0044052863436123,78.4140969162997
pohiseadusega riigikohus oiguskantsler,0.0306122448979591,0.0088105726872246,71.21879588839957
alkoholi kange lahja,0.0510204081632653,0.0088105726872246,82.73127753303979
efsf esm kreekale,0.0510204081632653,0.0044052863436123,91.3656387665199
otsevalimise presidenti presidendi,0.1122448979591836,0.0044052863436123,96.07529034841814
pagulasi pagulased pagulaste,0.0306122448979591,0.0,100.0
ametiuhingute tooandjate keskliit,0.0306122448979591,0.0,100.0
sigade katku katk,0.0306122448979591,0.0,100.0
kasvavad tuleval kasv,0.0204081632653061,0.0,100.0
miili baasvorgu lairiba,0.0204081632653061,0.0,100.0
eripensioni valjateenitud staazi,0.0204081632653061,0.0,100.0
slovakkia ungari portugal,0.0204081632653061,0.0,100.0
magustatud suhkrut joogi,0.0204081632653061,0.0,100.0
oigusloome oigusloomes oiguspoliitika,0.0204081632653061,0.0,100.0
piirilepingu piirileping piirilepingut,0.0204081632653061,0.0,100.0
tootuli lepitaja ametiuhingute,0.010204081632653,0.0,100.0
eriarstide eriarstiabi eriarsti,0.010204081632653,0.0,100.0
tsernoboli represseeritud oigusvastaselt,0.010204081632653,0.0,100.0
eelarves riigieelarves reservist,0.010204081632653,0.0,100.0
teadus teaduse arendustegevuse,0.010204081632653,0.0,100.0
uliopilased uliopilastele uliopilaste,0.010204081632653,0.0,100.0
teenuseid teenused teenust,0.010204081632653,0.0,100.0
jahimehed jahimeeste jahti,0.010204081632653,0.0,100.0
inimarengu aruanne aruandes,0.010204081632653,0.0,100.0
kaitseliit kaitseliidule kaitseliidu,0.010204081632653,0.0,100.0
riigikontrolli auditi auditit,0.010204081632653,0.0,100.0
kantsler kantsleri riigisekretar,0.010204081632653,0.0,100.0
volakirjade keskpank volakirju,0.010204081632653,0.0,100.0
lae korgepalgaliste lagi,0.010204081632653,0.0,100.0
riigipalgaliste riigisektoris koondada,0.010204081632653,0.0,100.0
tootuna arvele ariuhingu,0.010204081632653,0.0,100.0
pensionitous pensionitousu pension,0.010204081632653,0.0,100.0
pealinnast tallinnast viljandisse,0.010204081632653,0.0,100.0
kutsehariduse kutseharidus kutsehariduses,0.010204081632653,0.0,100.0
pensionifondide pensionifondid fondid,0.010204081632653,0.0,100.0
toovoimereformi toovoimega toovoimereform,0.010204081632653,0.0,100.0
konkurss konkursi konkurssi,0.0,0.0,
korterelamute kortermajade kredexi,0.0,0.0,
korruptsiooni korruptsioon korruptsiooniga,0.0,0.0,
korrata stenogrammist vabandan,0.0,0.0,
koolituse koolitus koolitusele,0.0,0.0,
kolledz kolledzi turi,0.0,0.0,
koneleja konsensuslikud repliigi,0.0,0.0,
kusija vastaja vastasin,0.0,0.0,
kohtutaiturite kohtutaitur kohtutaituri,0.0,0.0,
kohtla jarve johvi,0.0,0.0,
kohanimenoukogu vonnu mulgi,0.0,0.0,
kirik kiriku maarja,0.0,0.0,
keskkonnaameti uhendamine uhendamise,0.0,0.0,
korteriuhistu korteriomanike korteriuhistute,0.0,0.0,
lahususe voimude lahusus,0.0,0.0,
kusimusena tahtsa tahtsusega,0.0,0.0,
laari laar kandidatuuri,0.0,0.0,
liiklussurmade liikluses hukkunute,0.0,0.0,
lipu laevu kaubalaeva,0.0,0.0,
lng terminali gaasi,0.0,0.0,
maantee neljarealiseks ppp,0.0,0.0,
maavalitsuste maavalitsused maakonna,0.0,0.0,
majandusaasta koondaruanne raamatupidamise,0.0,0.0,
memorandumi moistmise memorandum,0.0,0.0,
missiooni missioonile missioon,0.0,0.0,
muraste kase kompleksi,0.0,0.0,
muugimaksu muugimaks paadimaksu,0.0,0.0,
muundatud geneetiliselt gmo,0.0,0.0,
muuseum muuseumi muuseumide,0.0,0.0,
lipud lippude lipp,0.0,0.0,
aasia aasias saatkonna,0.0,0.0088105726872246,-inf
kauguhendus avaksite ettekandjalt,0.0,0.0,
untso missioonide liikmesusest,0.0,0.0,
teatri teater rahvusooper,0.0,0.0,
teede teehoiuks teedele,0.0,0.0,
teekasutustasu autode autod,0.0,0.0,
teenistuse teenistuses avalikus,0.0,0.0,
tervist tervis tervisega,0.0,0.0,
tooandja tooandjal tootaja,0.0,0.0,
tootuid tootute tootu,0.0,0.0,
tulubaasi omavalitsustele omavalitsuste,0.0,0.0,
tulubaasi tasandusfondi tulumaksuosa,0.0,0.0,
uhistranspordi uhistransport uhistransporti,0.0,0.0,
ulejaagis struktuurses struktuurse,0.0,0.0,
utah jordaania energia,0.0,0.0,
talupidajate kaubanduskoja kaubanduskoda,0.0,0.0,
uuring uuringut uuringu,0.0,0.0,
vaesuses suhtelises vaesuse,0.0,0.0,
vagivalla naistevastase perevagivalla,0.0,0.0,
vagivallale vihakone ohutamine,0.0,0.0,
valdkonnad laekumisest fikseeritakse,0.0,0.0,
valimiskomisjon proteste valimiskasti,0.0,0.0,
valismaale valjarande valjaranne,0.0,0.0,
varude varud varu,0.0,0.0,
veb fondi uurimiskomisjon,0.0,0.0,
vee monopolide veeteenuse,0.0,0.0,
virumaale virumaa toostusalade,0.0,0.0,
tarbijakaitse amet ametile,0.0,0.0,
suuria euroopasse turgis,0.0,0.0,
nord stream streami,0.0,0.0,
piirivalve valvamise valvamine,0.0,0.0,
noukogudesse ariuhingute noukogudes,0.0,0.0,
objekti anu raua,0.0,0.0,
oiglase virumaale ulemineku,0.0,0.0,
oigusriik oigusriigi oigusriigist,0.0,0.0,
omandireformi tagastatud omandireform,0.0,0.0,
ooteala piiriuletuse piiripunkti,0.0,0.0,
operatsioonil sojalisel panustamisel,0.0,0.0,
oppelaenu sugava puudega,0.0,0.0,
pensioniiga pensioniea eluiga,0.0,0.0,
piima toorpiima toodangut,0.0,0.0,
piirikontrolli schengeni valispiiri,0.0,0.0,
post posti omniva,0.0,0.0,
sularaha kommertspangad pangad,0.0,0.0,
president ilves presidendi,0.0,0.0,
puude raskusastme puuet,0.0,0.0,
rahvahaaletuse rahvahaaletus rahvahaaletusel,0.0,0.0,
rail trassi balticu,0.0,0.0,
riigikontrolor karis riigikontrolori,0.0,0.0,
riigimetsa majandamise noukokku,0.0,0.0,
riigireformi riigireformist riigireform,0.0,0.0,
rongi rongide rongid,0.0,0.0,
salastatud valisteabe riigisaladuse,0.0,0.0,
samba sammas sambasse,0.0,0.0,
skais arendused infosusteemide,0.0,0.0,
keeleoskust oskuse keeleoskuse,0.0,0.0,
abielu kooselu samasooliste,0.0,0.0,
kandideerima ametikohale kandidaatide,0.0,0.0,
rahvaalgatuse rahvaalgatus rahvahaaletus,0.0,0.0044052863436123,-inf
kinnitamise paevakorra paevakord,0.0,0.0044052863436123,-inf
reklaami reklaam alkoholireklaam,0.0,0.0044052863436123,-inf
psuhhiaatri alaealine psuhhiaatrilist,0.0,0.0616740088105726,-inf
prokuratuur prokuratuuri prokuror,0.0,0.0088105726872246,-inf
poolte kokkuleppel huvitise,0.0,0.0044052863436123,-inf
planeeringu keskkonnamoju keskkonnamojude,0.0,0.0044052863436123,-inf
terviseandmed isikuandmeid terviseandmeid,0.0,0.0044052863436123,-inf
toonadalal istungid taiendaval,0.0,0.013215859030837,-inf
katteallikas katteallikaid katteallikat,0.0,0.0044052863436123,-inf
riigiabi komisjonilt loa,0.0,0.0220264317180616,-inf
kulukuse krediidi kiirlaenude,0.0,0.013215859030837,-inf
karistuse karistus tingimisi,0.0,0.0088105726872246,-inf
valijate erakonda valijaid,0.0,0.0044052863436123,-inf
haale valimispaeval valimiste,0.0,0.0044052863436123,-inf
vabatahtlike komandode paasteameti,0.0,0.0044052863436123,-inf
jalitustegevuse jalitustoimingu sideandmete,0.0,0.0088105726872246,-inf
energiaagentuur agentuuri agentuur,0.0,0.0044052863436123,-inf
elektri elektrit taastuvenergia,0.0,0.0088105726872246,-inf
relva relvade relvaluba,0.0,0.0044052863436123,-inf
riigiloivude riigiloivud riigiloivu,0.0,0.0088105726872246,-inf
kandidaati kandidaat valituks,0.0,0.0,
louis freeh kremli,0.0,0.0044052863436123,-inf
kodualuse maamaksu maamaksust,0.0,0.0088105726872246,-inf
koolilouna koolitoidu koolitoit,0.0,0.0044052863436123,-inf
korterid kortereid korterit,0.0,0.013215859030837,-inf
krimmi agressiooni ukraina,0.0,0.0440528634361233,-inf
ts parvlaeva parvlaevad,0.0,0.0044052863436123,-inf
lasteaia lasteaias lasteaiakoha,0.0,0.0220264317180616,-inf
leping ratifitseerida lepinguga,0.0,0.0088105726872246,-inf
liitlaste ohutorje keskmaa,0.0,0.0044052863436123,-inf
treenerite spordi sport,0.0,0.039647577092511,-inf
riigipuha puhade tahtpaevade,0.0,0.0044052863436123,-inf
metsa metsade mets,0.0,0.0044052863436123,-inf
vanemahuvitist vanemahuvitise vanemahuvitis,0.0,0.0088105726872246,-inf
normitehnika mojude eeskiri,0.0,0.0044052863436123,-inf
ootuse oigusparase oiguskindluse,0.0,0.0220264317180616,-inf
opositsiooni koalitsioonil opositsioonil,0.0,0.0044052863436123,-inf
pensioni pension sammas,0.0,0.0044052863436123,-inf
tapsustatakse ajakohastatakse nouete,0.0,0.0044052863436123,-inf
salvestisi salvestised salvestiste,0.0,0.026431718061674,-inf
elatisraha elatisabi elatise,0.0,0.079295154185022,-inf
hanke hankija riigihangete,0.0,0.0044052863436123,-inf
elamisluba elamisloa viisa,0.0,0.0044052863436123,-inf
hiv narkomaania epideemia,0.0,0.0,
estonian air airi,0.0,0.0,
etv saateid pbk,0.0,0.0,
fie fuusilisest isikust,0.0,0.0,
haalte kandidaatidele haaletamisest,0.0,0.0,
hadaolukorda eriolukord eriolukorra,0.0,0.0,
haiguspaevade haiguspaevi haiguspaeva,0.0,0.0,
hambaravi hammaste hambad,0.0,0.0,
hansson ardo panga,0.0,0.0,
hoiu pangad pankade,0.0,0.0,
kaasne lisakulutusi riigieelarvele,0.0,0.0088105726872246,-inf
hooldekodus hoolduse hooldekodu,0.0,0.0,
huvihariduse huvitegevuse huviharidus,0.0,0.0,
id mobiil kaardi,0.0,0.0,
idapiiri piiririba valjaehitamine,0.0,0.0,
iive sundimus iibe,0.0,0.0,
inflatsiooni inflatsioon hinnatous,0.0,0.0,
kaitsekulud kaitsekulutused kaitsekulude,0.0,0.0,
kandidaadi kandidaati kandidaat,0.0,0.0,
erso teatri kontserdi,0.0,0.0,
eelarvele kulude riigieelarvele,0.0,0.0,
domeenide domeeni interneti,0.0,0.0,
direktiivi direktiiv ulevotmise,0.0,0.0,
danske filiaali rahapesu,0.0,0.0044052863436123,-inf
borsile ipo enefit,0.0,0.0044052863436123,-inf
arengukavad arengukavade pohialuste,0.0,0.0044052863436123,-inf
apteeke apteegid apteekide,0.0,0.0220264317180616,-inf
kala kalurid kalurite,0.0,0.0044052863436123,-inf
ulikooliga kbfi instituudi,0.0,0.0044052863436123,-inf
ammendumiseni kaheni pikendada,0.0,0.0044052863436123,-inf
joustumine joustuma joustada,0.0,0.0308370044052863,-inf
hoone rkas hoonet,0.0,0.0088105726872246,-inf
aardla pria pealtnagija,0.0,0.0,
kodakondsust kodakondsuse kodanikuks,0.0,0.0088105726872246,-inf
abipolitseinik abipolitseiniku abipolitseinike,0.0,0.0,
aituma infotundi jahimehed,0.0,0.0,
ajakirjandus ajakirjanduse ajakirjandust,0.0,0.0,
annetus erjk annetuse,0.0,0.0,
annetused annetusi annetuste,0.0,0.0,
deklaratsiooni deklaratsioone deklaratsioonis,0.0,0.0,
volitust kaasuses jarvik,0.0,0.0,
